{ 
    "config": 
    { "spin": { 
        "precio_base": 30000, 
        "productos_por_spin": 5, 
        "premium_precio": 8000 
        } 
    }, 
    
    "productos": [ 
    { "id": "11-minas-bts", 
        "nombre": "11 Minas BTS", 
        "precio_referencia": 3000, 
        "costo": 1320, "stock": 3, 
        "categoria": "Lapiz y Portaminas", 
        "flags": { 
            "catalogo": true, 
            "spin_estandar": true, 
            "spin_premium": false 
        }, 
        "peso_spin": 1 
    }, 
    { "id": "11-minas-carita-feliz", 
        "nombre": "11 Minas Carita Feliz", 
        "precio_referencia": 3000, 
        "costo": 1320, "stock": 4, 
        "categoria": "Lapiz y Portaminas", 
        "flags": { 
            "catalogo": true, 
            "spin_estandar": true, 
            "spin_premium": false 
        }, 
        "peso_spin": 2 
    }, 
    { "id": "atari-sapito", 
        "nombre": "Atari Sapito", 
        "precio_referencia": 5000, 
        "costo": 2350, 
        "stock": 3, 
        "categoria": "Otros", 
        "flags": { 
            "catalogo": true, 
            "spin_estandar": true, 
            "spin_premium": false 
        }, 
        "peso_spin": 1 
    }, 
    { "id": "blister-bts-x5pcs", 
        "nombre": "Blister Bts x5pcs", 
        "precio_referencia": 10000, 
        "costo": 6860, 
        "stock": 4, 
        "categoria": "Borrador", 
        "flags": { 
            "catalogo": true, 
            "spin_estandar": true, 
            "spin_premium": false 
        }, 
        "peso_spin": 2 
    }, 
    { "id": "bolsa-térmica-250-ml", 
    "nombre": "Bolsa térmica 250 ml", 
    "precio_referencia": 10000, 
    "costo": 2978, 
    "stock": 1, 
    "categoria": "Cuidado Personal", 
    "flags": { 
        "catalogo": true, 
        "spin_estandar": true, 
        "spin_premium": false 
        }, 
        "peso_spin": 1 
    }, 
    { "id": "bolsa-térmica-350-ml", 
        "nombre": "Bolsa térmica 350 ml", 
        "precio_referencia": 15000, 
        "costo": 7850, 
        "stock": 3, 
        "categoria": "Cuidado Personal", 
        "flags": { 
            "catalogo": true, 
            "spin_estandar": true, 
            "spin_premium": true 
        }, 
        "peso_spin": 1 
    }, 
    { "id": "borrador-aguacate", 
        "nombre": "Borrador Aguacate", 
        "precio_referencia": 2500, 
        "costo": 978, 
        "stock": 1, 
        "categoria": "Borrador", 
        "flags": { 
            "catalogo": true, 
            "spin_estandar": true, 
            "spin_premium": false 
        }, 
        "peso_spin": 1 
    }, 
    { "id": "capybara-post-it", 
        "nombre": "Capybara Post-it", 
        "precio_referencia": 4000, 
        "costo": 2400, 
        "stock": 3, 
        "categoria": "Post-its", 
        "flags": { 
            "catalogo": true, 
            "spin_estandar": true, 
            "spin_premium": false 
        }, 
        "peso_spin": 1 
    }, 
    { "id": "carpeta-pandas", 
        "nombre": "Carpeta Pandas", 
        "precio_referencia": 3000, 
        "costo": 1500, 
        "stock": 15, 
        "categoria": "Carpetas", 
        "flags": { 
            "catalogo": true, 
            "spin_estandar": true, 
            "spin_premium": false 
        }, 
        "peso_spin": 3 
    }, 
    { "id": "carpeta-van-gogh", 
        "nombre": "Carpeta Van Gogh", 
        "precio_referencia": 5000, 
        "costo": 2581, 
        "stock": 6, 
        "categoria": "Carpetas", 
        "flags": { 
            "catalogo": true, 
            "spin_estandar": true, 
            "spin_premium": false 
        }, 
        "peso_spin": 2 
    }, 
    { "id": "degrade", 
        "nombre": "Degrade", 
        "precio_referencia": 15000, 
        "costo": 9659, 
        "stock": 1, 
        "categoria": "Marcador", 
        "flags": { 
            "catalogo": true, 
            "spin_estandar": true, 
            "spin_premium": true 
        }, 
        "peso_spin": 1 
    }, 
    { "id": "dinosaurio", 
        "nombre": "Dinosaurio", 
        "precio_referencia": 5000, 
        "costo": 1820, 
        "stock": 1, 
        "categoria": "Sacapuntas", 
        "flags": { 
            "catalogo": true, 
            "spin_estandar": true, 
            "spin_premium": false 
        }, 
            "peso_spin": 1 
    }, 
    { "id": "hello-kitty--borrador", 
        "nombre": "Hello Kitty + Borrador", 
        "precio_referencia": 6000, 
        "costo": 3860, 
        "stock": 3, 
        "categoria": "Sacapuntas", 
        "flags": { 
            "catalogo": true, 
            "spin_estandar": true, 
            "spin_premium": false 
        }, 
        "peso_spin": 1 
    }, 
    { "id": "lapiceros-flores", 
        "nombre": "Lapiceros Flores", 
        "precio_referencia": 3000, 
        "costo": 1531, 
        "stock": 92, 
        "categoria": "Lapiceros", 
        "flags": { 
            "catalogo": true, 
            "spin_estandar": true, 
            "spin_premium": false 
        }, 
        "peso_spin": 9 
    }, 
    { "id": "lapiceros-stitch", 
        "nombre": "Lapiceros Stitch", 
        "precio_referencia": 2500, 
        "costo": 243, 
        "stock": 1, 
        "categoria": "Lapiceros", 
        "flags": { 
            "catalogo": true, 
            "spin_estandar": true, 
            "spin_premium": false 
        }, 
        "peso_spin": 1 
    }, 
    { "id": "lonchera-térmica", 
        "nombre": "Lonchera Térmica", 
        "precio_referencia": 15000, 
        "costo": 10872, 
        "stock": 2, 
        "categoria": "Otros", 
        "flags": { 
            "catalogo": true, 
            "spin_estandar": true, 
            "spin_premium": true 
        }, 
        "peso_spin": 1 
    }, 
    { "id": "mina-infinita-kuromi", 
        "nombre": "Mina Infinita kuromi", 
        "precio_referencia": 5000, 
        "costo": 2860, 
        "stock": 3, 
        "categoria": "Lapiz y Portaminas", 
        "flags": { 
            "catalogo": true, 
            "spin_estandar": true, 
            "spin_premium": false 
        }, 
        "peso_spin": 1 
    }, 
    { "id": "patica-x-6pcs", 
        "nombre": "Patica x 6pcs", 
        "precio_referencia": 15000, 
        "costo": 4864, 
        "stock": 10, 
        "categoria": "Resaltador", 
        "flags": { 
            "catalogo": true, 
            "spin_estandar": true, 
            "spin_premium": true 
        }, 
        "peso_spin": 3
    }, 
    { "id": "retractil--repuesto", 
        "nombre": "Retractil + Repuesto", 
        "precio_referencia": 7000, 
        "costo": 2978, 
        "stock": 24, 
        "categoria": "Borrador", 
        "flags": { 
            "catalogo": true, 
            "spin_estandar": true, 
            "spin_premium": false 
        }, 
        "peso_spin": 4 
    }, 
    { "id": "rodillo-x6-pcs", 
        "nombre": "Rodillo x6 pcs", 
        "precio_referencia": 12000, 
        "costo": 4864, 
        "stock": 2, 
        "categoria": "Resaltador", 
        "flags": { 
            "catalogo": true, 
            "spin_estandar": true, 
            "spin_premium": true 
        }, 
        "peso_spin": 1 
    }, 
    { "id": "separador-magnético-animalitos", 
        "nombre": "Separador Magnético Animalitos", 
        "precio_referencia": 5000, 
        "costo": 2081, 
        "stock": 2, 
        "categoria": "Separadores", 
        "flags": { 
            "catalogo": true, 
            "spin_estandar": true, 
            "spin_premium": false 
        }, 
        "peso_spin": 1 
    }, 
    { "id": "separador-magnético-constelaciones", 
        "nombre": "Separador Magnético Constelaciones", 
        "precio_referencia": 5000, 
        "costo": 2081, 
        "stock": 1, 
        "categoria": "Separadores", 
        "flags": { 
            "catalogo": true, 
            "spin_estandar": true, 
            "spin_premium": false 
        }, 
        "peso_spin": 1 
    }, 
    { "id": "separador-magnético-patica", 
        "nombre": "Separador Magnético Patica", 
        "precio_referencia": 5000, 
        "costo": 2081, 
        "stock": 2, 
        "categoria": "Separadores", 
        "flags": { 
            "catalogo": true, 
            "spin_estandar": true, 
            "spin_premium": false 
        }, 
        "peso_spin": 1 
    }, 
    { "id": "set-x12-pcs", 
        "nombre": "Set x12 pcs", 
        "precio_referencia": 20000, 
        "costo": 10304, 
        "stock": 1, 
        "categoria": "Marcador", 
        "flags": { 
            "catalogo": true, 
            "spin_estandar": true, 
            "spin_premium": true 
        }, 
        "peso_spin": 1 
    }, 
    { "id": "sticker-cristal", 
        "nombre": "Sticker Cristal", 
        "precio_referencia": 5000, 
        "costo": 3581, 
        "stock": 1, 
        "categoria": "Stickers", 
        "flags": { 
            "catalogo": true, 
            "spin_estandar": true, 
            "spin_premium": false 
        }, 
        "peso_spin": 1 
    }, 
    { "id": "sticker-tornasol-snoopy", 
        "nombre": "Sticker Tornasol Snoopy", 
        "precio_referencia": 4000, 
        "costo": 2581, 
        "stock": 2, 
        "categoria": "Stickers", 
        "flags": { 
            "catalogo": true, 
            "spin_estandar": true, 
            "spin_premium": false 
        }, 
        "peso_spin": 1 
    }, 
    { "id": "tijeras-aguacate", 
        "nombre": "Tijeras Aguacate", 
        "precio_referencia": 6000, 
        "costo": 4081, 
        "stock": 3, 
        "categoria": "Tijeras", 
        "flags": { 
            "catalogo": true, 
            "spin_estandar": true, 
            "spin_premium": false 
        }, 
        "peso_spin": 1 
    }, 
    { "id": "tijeras-mario", 
        "nombre": "Tijeras Mario", 
        "precio_referencia": 6000, 
        "costo": 4081, 
        "stock": 1, 
        "categoria": "Tijeras", 
        "flags": { 
            "catalogo": true, 
            "spin_estandar": true, 
            "spin_premium": false 
        }, 
        "peso_spin": 1 
    } 
    ]
}